width,length,gap,give,factor
2.0,4.0,288.6880982647364,0.9989349135201162,
3.4,3.8888800000000003,52.09031312136552,0.07083182448253589,0.9665715425020147
